{"cameraMode":{"drawMode":0,"name":"Shaded","section":"Shading Mode"},"sceneLighting":false,"audioPlay":false,"sceneViewState":{"showFog":true,"showMaterialUpdate":false,"showSkybox":true,"showFlares":true,"showImageEffects":true,"showParticleSystems":true},"in2DMode":false,"pivot":{"x":-0.7098262310028076,"y":0.9637923240661621,"z":-1.8008403778076172},"rotation":{"x":-0.03945364058017731,"y":0.9431320428848267,"z":-0.12120325118303299,"w":-0.30701005458831789},"size":2.8578836917877199,"orthographic":false}