{"cameraMode":{"drawMode":0,"name":"Shaded","section":"Shading Mode"},"sceneLighting":false,"audioPlay":false,"sceneViewState":{"showFog":true,"showMaterialUpdate":false,"showSkybox":true,"showFlares":true,"showImageEffects":true,"showParticleSystems":true},"in2DMode":false,"pivot":{"x":0.13583046197891236,"y":1.191796898841858,"z":-0.04553872346878052},"rotation":{"x":0.09497147053480149,"y":-0.329446941614151,"z":0.03333013132214546,"w":0.9387940764427185},"size":5.685675621032715,"orthographic":false}