{"cameraMode":{"drawMode":0,"name":"Shaded","section":"Shading Mode"},"sceneLighting":false,"audioPlay":false,"sceneViewState":{"showFog":true,"showMaterialUpdate":false,"showSkybox":true,"showFlares":true,"showImageEffects":true,"showParticleSystems":true},"in2DMode":false,"pivot":{"x":0.8464903831481934,"y":0.007455110549926758,"z":-0.2593514919281006},"rotation":{"x":-0.2516157925128937,"y":0.0858146920800209,"z":-0.022401567548513414,"w":-0.9637549519538879},"size":12.670367240905762,"orthographic":false}