{"cameraMode":{"drawMode":0,"name":"Shaded","section":"Shading Mode"},"sceneLighting":false,"audioPlay":false,"sceneViewState":{"showFog":true,"showMaterialUpdate":false,"showSkybox":true,"showFlares":true,"showImageEffects":true,"showParticleSystems":true},"in2DMode":false,"pivot":{"x":-0.01905083656311035,"y":0.4600161910057068,"z":-0.4557170867919922},"rotation":{"x":-0.2089061439037323,"y":0.33003848791122439,"z":-0.07514496147632599,"w":-0.9174890518188477},"size":10.610608100891114,"orthographic":false}