{"cameraMode":{"drawMode":0,"name":"Shaded","section":"Shading Mode"},"sceneLighting":false,"audioPlay":false,"sceneViewState":{"showFog":true,"showMaterialUpdate":false,"showSkybox":true,"showFlares":true,"showImageEffects":true,"showParticleSystems":true},"in2DMode":false,"pivot":{"x":-0.1150209903717041,"y":-0.14521336555480958,"z":-0.15901684761047364},"rotation":{"x":-0.2516157925128937,"y":0.0858146920800209,"z":-0.022401567548513414,"w":-0.9637549519538879},"size":10.786223411560059,"orthographic":false}