{"cameraMode":{"drawMode":0,"name":"Shaded","section":"Shading Mode"},"sceneLighting":false,"audioPlay":false,"sceneViewState":{"showFog":true,"showMaterialUpdate":false,"showSkybox":true,"showFlares":true,"showImageEffects":true,"showParticleSystems":true},"in2DMode":false,"pivot":{"x":0.16357922554016114,"y":0.04827463626861572,"z":0.15328562259674073},"rotation":{"x":-0.2089061439037323,"y":0.33003848791122439,"z":-0.07514496147632599,"w":-0.9174890518188477},"size":6.180832386016846,"orthographic":false}