{"cameraMode":{"drawMode":0,"name":"Shaded","section":"Shading Mode"},"sceneLighting":false,"audioPlay":false,"sceneViewState":{"showFog":true,"showMaterialUpdate":false,"showSkybox":true,"showFlares":true,"showImageEffects":true,"showParticleSystems":true},"in2DMode":false,"pivot":{"x":1.8015575408935547,"y":0.6015149354934692,"z":0.26664599776268008},"rotation":{"x":-0.08259157836437226,"y":0.13026532530784608,"z":-0.010889970697462559,"w":-0.9879732131958008},"size":0.6770368218421936,"orthographic":false}