{"cameraMode":{"drawMode":0,"name":"Shaded","section":"Shading Mode"},"sceneLighting":false,"audioPlay":false,"sceneViewState":{"showFog":true,"showMaterialUpdate":false,"showSkybox":true,"showFlares":true,"showImageEffects":true,"showParticleSystems":true},"in2DMode":false,"pivot":{"x":-0.04221081733703613,"y":0.20042285323143006,"z":0.06846284866333008},"rotation":{"x":0.17305013537406922,"y":0.5982193946838379,"z":-0.13430288434028626,"w":0.7708112597465515},"size":6.673393249511719,"orthographic":false}