{"cameraMode":{"drawMode":0,"name":"Shaded","section":"Shading Mode"},"sceneLighting":true,"audioPlay":false,"sceneViewState":{"showFog":true,"showMaterialUpdate":false,"showSkybox":true,"showFlares":true,"showImageEffects":true,"showParticleSystems":true},"in2DMode":false,"pivot":{"x":1.1997684240341187,"y":1.191543698310852,"z":0.7203601598739624},"rotation":{"x":0.07515464723110199,"y":-0.3351435363292694,"z":0.02682839334011078,"w":0.9387815594673157},"size":1.6010379791259766,"orthographic":false}