{"cameraMode":{"drawMode":0,"name":"Shaded","section":"Shading Mode"},"sceneLighting":false,"audioPlay":false,"sceneViewState":{"showFog":true,"showMaterialUpdate":false,"showSkybox":true,"showFlares":true,"showImageEffects":true,"showParticleSystems":true},"in2DMode":false,"pivot":{"x":-0.4700801372528076,"y":-0.09728968143463135,"z":-1.0696563720703126},"rotation":{"x":0.21516533195972444,"y":-0.379095196723938,"z":0.0910998210310936,"w":0.8953723311424255},"size":4.882390022277832,"orthographic":false}